{"cameraMode":{"drawMode":0,"name":"Shaded","section":"Shading Mode"},"sceneLighting":false,"audioPlay":false,"sceneViewState":{"showFog":false,"showMaterialUpdate":false,"showSkybox":false,"showFlares":false,"showImageEffects":false,"showParticleSystems":false},"in2DMode":false,"pivot":{"x":128.88882446289063,"y":167.83445739746095,"z":207.69662475585938},"rotation":{"x":0.0021242848597466947,"y":0.9972277879714966,"z":-0.06741531193256378,"w":0.03142308071255684},"size":303.3699645996094,"orthographic":false}